4867, 4884, 4921, 4958, 4990, 4995, 5020, 5032, 5050, 5069,
5080,
5099,
5110,
5140,
5170,
5200,
5325,
5333,
5348,
5362,
5366,
5373,
5384,
5399,
5402,
5413,
5420,
5436,
5438,
5453,
5456,
5473,
5474,
5492,
5493,
5510,
5528,
5533,
5546,
5547,
5564,
5573,
5582,
5584,
5600,
5613,
5621,
5645,
5653,
5658,
5660,
5665,
5669,
5677,
5685,
5693,
5695,
5705,
5725,
5732,
5733,
5735,
5740,
5745,
5752,
5760,
5765,
5768,
5769,
5770,
5771,
5773,
5780,
5785,
5790,
5794,
5800,
5804,
5805,
5806,
5809,
5813,
5820,
5825,
5828,
5839,
5840,
5843,
5845,
5847,
5853,
5860,
5865,
5866,
5876,
5878,
5880,
5885,
5893,
5902,
5905,
5912,
5914,
5917,
5925,
5933,
5945,
5960,
5980,
6000,
6002,
6020,
6028,
6040,
6054,
6060,
6080,
6100,
6106,
6132,
6158,
6184